Göstərici,2023,2022,2021,2020,2019,2018,2017,2016,2015,2014,2013,2012,2011,2010,2009,2008,2007,2006,2005,2004,2003,2002,2001,2000,1999,1998,1997,1996
Bir sərnişinin orta daşınma məsafəsi (kilometr),43.7,37.8,36.8,81.0,141.3,164.0,187.6,226.5,262.9,243.1,242.8,222.0,191.2,190.9,160.3,164.1,167.9,165.5,159.9,150.5,138.1,131.5,116.0,116.0,104.2,124.3,129.1,121.8
Bir sərnişinin orta daşınma məsafəsi (kilometr),468.4,476.6,474.6,455.9,427.9,433.1,456.1,459.2,400.0,353.7,350.4,374.3,393.1,375.0,355.8,357.7,361.1,365.7,414.2,359.0,447.8,428.6,454.5,500.0,428.6,400.0,348.8,307.7
Bir sərnişinin orta daşınma məsafəsi (kilometr),1813.2,2128.2,2060.0,1702.4,1756.7,2167.2,2374.3,1792.4,1836.1,1632.0,1549.9,1548.5,1510.8,1586.0,1581.3,1434.1,1310.0,1265.6,1311.3,1325.4,1283.7,1207.7,1180.0,1138.4,1198.0,1409.0,1285.0,1434.0
Bir ton yükün orta daşınma məsafəsi (kilometr),368.9,378.9,353.0,332.2,338.5,321.9,318.2,335.4,363.4,338.2,344.1,355.0,353.3,369.1,365.0,365.3,366.9,366.0,363.0,364.6,379.4,399.7,399.0,363.4,356.7,347.5,311.9,290.2
Bir ton yükün orta daşınma məsafəsi (kilometr),449.7,457.2,565.7,551.5,561.4,555.6,529.4,516.9,443.3,415.1,402.5,409.1,414.9,414.8,468.0,510.6,588.7,595.5,595.5,512.6,493.9,534.0,560.6,591.4,642.6,543.8,667.4,680.4
Bir ton yükün orta daşınma məsafəsi (kilometr),8451.0,6973.0,5030.5,5026.2,5174.9,4418.3,4265.9,4268.8,4511.6,3848.0,3515.9,4353.7,4392.2,3475.0,3437.5,3000.0,3923.1,3880.0,4189.2,4200.0,3923.1,2709.7,2451.6,2756.8,2333.3,2390.6,1772.7,1931.0
Daşınmalara çəkilən xərclər (min manat),205632.3,223728.9,176944.8,168796.2,169633.2,174676.7,162393.9,173959.9,154816.2,119029.1,107496.0,105050.0,100460.5,92115.5,103118.5,109770.3,92711.9,96295.0,80028.0,80629.0,61998.4,53566.0,53466.0,52247.0,48693.0,54166.2,52526.6,46401.6
Daşınmalara çəkilən xərclər (min manat),501159.0,397941.0,364071.0,399041.0,340696.0,323427.0,460350.0,327401.0,201976.0,223751.0,146455.0,187582.0,164340.0,167414.0,162779.0,185427.0,156625.0,116160.0,114984.0,87082.0,73916.0,66745.0,59857.0,65723.0,63575.0,69421.0,63672.0,27525.0
Daşınmalara çəkilən xərclər (min manat),3283237.0,4704789.0,3422078.0,2902861.0,2272215.0,2187832.0,1626498.0,975035.0,810422.0,770221.0,678670.0,538080.0,511886.0,437695.0,393650.0,351164.0,308667.0,248414.0,210474.0,176158.0,124394.0,90326.0,75418.0,70729.0,71818.0,25980.0,18718.0,17343.0
Daşınmalardan əldə olunan gəlir (min manat),3625842.0,4904810.0,3875401.0,3035229.0,2396355.0,2066918.0,1647341.0,1053949.0,828058.0,837820.0,779843.0,617870.0,557911.0,388870.0,331503.0,372003.0,326382.0,223026.0,179527.0,161073.0,132770.0,74113.0,65744.0,63655.0,64292.0,81918.0,56054.0,66553.0
Daşınmalardan əldə olunan gəlir (min manat),252921.2,248812.9,178597.2,168987.0,180484.4,170566.6,179724.5,160095.9,93989.7,102339.6,97901.0,114580.0,109710.2,107221.9,122475.0,116056.3,100282.8,110778.0,96393.4,100446.6,89773.8,83828.0,71536.0,59051.0,51560.0,54519.0,51638.8,45692.4
Daşınmalardan əldə olunan gəlir (min manat),439591.0,398967.0,284751.0,274827.0,299772.0,270841.0,279202.0,262435.0,232077.0,236303.0,223315.0,201855.0,196683.0,158382.0,149654.0,205828.0,178173.0,169111.0,148521.0,118623.0,119336.0,94061.0,83347.0,85153.0,69745.0,76260.0,59657.0,52654.0
Dəmir yol xətlərinin istismar uzunluğu (kilometr),2180.0,2138.0,2139.0,2139.0,2140.0,2133.0,2132.0,2071.0,2068.0,2066.0,2068.0,2068.0,2079.0,2079.0,2079.0,2099.0,2099.0,2122.0,2122.0,2122.0,2122.0,2122.0,2116.0,2116.0,2116.0,2117.0,2117.0,2123.0
Gəmilərin dedveyt tutumu (min ton),339.9,340.0,326.3,337.6,324.1,324.1,324.1,405.8,377.8,378.6,476.1,488.1,496.4,484.5,486.2,472.4,434.9,436.0,409.9,396.4,369.5,356.0,350.1,337.4,341.8,342.8,342.8,326.7
Gəmilərin sayı (ədəd),51.0,51.0,49.0,52.0,50.0,50.0,50.0,67.0,62.0,62.0,81.0,82.0,80.0,80.0,80.0,79.0,75.0,75.0,73.0,72.0,70.0,69.0,68.0,68.0,69.0,69.0,69.0,69.0
Gəmilərin sərnişin tutumu (yer),586.0,584.0,484.0,436.0,336.0,336.0,336.0,336.0,336.0,312.0,300.0,300.0,228.0,228.0,228.0,228.0,228.0,1414.0,1414.0,1414.0,1414.0,1616.0,1616.0,1616.0,1616.0,1616.0,1616.0,1616.0
Gəmilərin tam registr tutumu (min ton),338.7,338.7,324.8,335.6,321.7,321.7,321.7,395.4,376.4,376.4,452.7,459.4,448.2,431.1,431.1,423.2,391.1,391.1,375.5,367.6,352.0,353.1,348.2,351.2,349.5,349.5,351.5,351.5
Konteynerlərin sayı (ədəd),285.0,201.0,201.0,367.0,389.0,598.0,598.0,1092.0,3094.0,3104.0,3085.0,3049.0,3025.0,3036.0,3036.0,3037.0,3037.0,3036.0,11607.0,11595.0,11594.0,11598.0,11581.0,11580.0,11552.0,11202.0,11247.0,10396.0
Orta aylıq nominal əmək haqqı (manat),1200.3,924.2,577.0,543.5,472.7,422.9,367.0,262.2,241.1,275.4,238.4,225.5,197.5,187.1,186.9,176.7,136.9,102.9,91.0,78.2,56.0,45.2,45.6,42.3,41.2,0.0,0.0,0.0
Orta aylıq nominal əmək haqqı (manat),2245.6,1995.6,1688.0,1570.5,1594.6,1502.9,1364.4,1153.0,1034.0,776.6,751.4,716.2,578.7,534.2,497.6,469.4,357.4,262.9,199.0,179.4,150.9,122.6,113.3,87.1,0.0,0.0,0.0,0.0
Orta aylıq nominal əmək haqqı (manat),1835.6,1708.5,1448.6,1182.9,1160.5,1167.6,1038.2,846.8,819.4,789.3,833.1,985.2,919.8,740.7,695.8,828.9,564.3,370.3,292.0,278.4,267.6,214.2,189.0,196.2,0.0,0.0,0.0,0.0
Sərnişin daşınmışdır (min sərnişin),23.7,21.4,17.7,20.4,22.2,15.7,17.1,19.6,8.5,14.7,13.7,17.1,17.3,12.0,10.4,13.7,14.4,17.5,16.9,19.5,13.4,14.0,11.0,12.0,14.0,20.0,43.0,39.0
Sərnişin daşınmışdır (min sərnişin),2912.0,2254.0,1133.0,578.0,2704.0,2399.0,2359.0,1980.0,1818.0,1788.0,1664.0,1599.0,1394.0,1017.0,941.0,1396.0,1526.0,1332.0,1211.0,1094.0,867.0,731.0,701.0,701.0,697.0,833.0,1122.0,1251.0
Sərnişin daşınmışdır (min sərnişin),7185.0,5137.0,2826.0,2124.0,3850.0,2841.0,2490.0,1978.0,1883.0,2517.0,2508.0,2668.0,3451.0,4803.0,6389.0,6394.0,6598.0,5824.0,5492.0,5241.0,4736.0,4442.0,4646.0,4250.0,4050.0,4287.0,3789.0,4580.0
Sərnişin dövriyyəsi (mln sərnişin/km),11.1,10.2,8.4,9.3,9.5,6.8,7.8,9.0,3.4,5.2,4.8,6.4,6.8,4.5,3.7,4.9,5.2,6.4,7.0,7.0,6.0,6.0,5.0,6.0,6.0,8.0,15.0,12.0
Sərnişin dövriyyəsi (mln sərnişin/km),314.0,194.0,104.0,172.0,544.0,466.0,467.0,448.0,495.0,612.0,609.0,591.0,660.0,917.0,1024.0,1049.0,1108.0,964.0,878.0,789.0,654.0,584.0,537.0,493.0,422.0,533.0,489.0,558.0
Sərnişin dövriyyəsi (mln sərnişin/km),5280.0,4797.0,2334.0,984.0,4750.0,5199.0,5601.0,3549.0,3338.0,2918.0,2579.0,2476.0,2106.0,1613.0,1488.0,2002.0,1999.0,1686.0,1588.0,1450.0,1113.0,884.0,827.0,798.0,835.0,1174.0,1442.0,1794.0
Sərnişin vaqonlarının sayı (ədəd),193.0,196.0,226.0,218.0,218.0,211.0,213.0,214.0,669.0,669.0,669.0,669.0,719.0,719.0,725.0,725.0,726.0,726.0,727.0,729.0,766.0,736.0,770.0,775.0,775.0,815.0,870.0,875.0
Yük daşınmışdır (min ton),357.0,407.0,557.0,458.0,183.0,208.0,173.0,160.0,129.0,125.0,126.0,82.0,51.0,40.0,32.0,43.0,52.0,75.0,74.0,75.0,52.0,31.0,31.0,37.0,48.0,64.0,22.0,29.0
Yük daşınmışdır (min ton),9010.8,7519.2,5468.4,5981.9,5968.7,8236.1,8344.5,5807.3,6625.9,9934.1,11509.7,12371.2,12499.1,11714.3,13190.0,11898.0,10173.2,13506.1,13680.0,13208.7,13272.3,11381.1,10247.0,8779.0,7382.0,8178.0,7504.1,5747.8
Yük daşınmışdır (min ton),18276.0,18730.0,15058.0,14631.0,15222.0,13954.0,14558.0,15479.0,17090.0,21795.0,23127.0,23116.0,22203.0,22349.0,20799.0,27432.0,28276.0,30205.0,26522.0,20671.0,20345.0,17464.0,15390.0,15876.0,14163.0,13531.0,11271.0,9573.0
Yük dövriyyəsi (mln ton km),3017.0,2838.0,2802.0,2302.0,947.0,919.0,738.0,683.0,582.0,481.0,443.0,357.0,224.0,139.0,110.0,129.0,204.0,291.0,310.0,315.0,204.0,84.0,76.0,102.0,112.0,153.0,39.0,56.0
Yük dövriyyəsi (mln ton km),4052.3,3437.6,3093.0,3298.5,3350.7,4575.7,4417.9,3002.0,2937.4,4123.7,4632.4,5061.5,5186.6,4859.1,6173.2,6075.4,5988.6,8042.9,7521.0,6770.7,6555.0,6077.0,5744.0,5192.0,4744.0,4447.4,5008.0,3911.0
Yük dövriyyəsi (mln ton km),6740.0,7097.0,5316.0,4861.0,5152.0,4492.0,4633.0,5192.0,6210.0,7371.0,7958.0,8212.0,7845.0,8250.0,7592.0,10021.0,10375.0,11059.0,9628.0,7536.0,7719.0,6980.0,6141.0,5770.0,5052.0,4702.0,3515.0,2778.0
Yük vaqonlarının sayı (ədəd),5485.0,5470.0,5523.0,5699.0,7156.0,7623.0,9499.0,9879.0,18240.0,17860.0,17875.0,17885.0,17971.0,18062.0,18256.0,18856.0,19134.0,19341.0,22251.0,22901.0,23464.0,24348.0,24838.0,25659.0,25659.0,25872.0,25438.0,28335.0
beynəlxalq (min manat),2150753.0,3642010.0,3239742.0,2691622.0,1377538.0,1537867.0,1184862.0,717118.0,530771.0,538838.0,516988.0,391904.0,375674.0,256120.0,175812.0,178936.0,172485.0,107894.0,82288.0,77088.0,71612.0,29391.0,26746.0,29967.0,32273.0,39633.0,8105.0,4676.0
beynəlxalq (min manat),1418998.0,1199505.0,603029.0,330334.0,974231.0,491466.0,426717.0,303503.0,263812.0,262824.0,228495.0,201524.0,161206.0,118573.0,145837.0,175091.0,145737.0,106897.0,91087.0,78104.0,56420.0,40300.0,32959.0,29111.0,27708.0,30520.0,25704.0,25631.0
beynəlxalq (min sərnişin),2185.0,1504.0,594.0,411.0,2080.0,1785.0,1770.0,1432.0,1284.0,1236.0,1157.0,1110.0,969.0,807.0,721.0,912.0,846.0,684.0,645.0,586.0,428.0,327.0,303.0,301.0,313.0,474.0,640.0,695.0
beynəlxalq (min ton),351.0,403.0,555.0,457.0,181.0,206.0,171.0,158.0,127.0,123.0,124.0,80.0,49.0,38.0,31.0,41.0,50.0,66.0,69.0,72.0,50.0,28.0,26.0,34.0,43.0,56.0,13.0,18.0
beynəlxalq (mln sərnişin/km),4709.0,4113.0,1968.0,868.0,4332.0,4783.0,5198.0,3185.0,2986.0,2589.0,2286.0,2201.0,1872.0,1497.0,1361.0,1706.0,1604.0,1312.0,1263.0,1157.0,859.0,652.0,598.0,567.0,612.0,917.0,1097.0,1250.0
beynəlxalq (mln ton km),3013.0,2836.0,2801.0,2301.0,945.0,918.0,737.0,682.0,581.0,480.0,442.0,356.0,223.0,138.0,109.0,128.0,202.0,286.0,307.0,313.0,203.0,82.0,74.0,100.0,110.0,148.0,37.0,54.0
elektrikləşdirilmiş yollar (kilometr),1151.0,1157.0,1157.0,1169.0,1169.0,1169.0,1224.0,1199.0,1233.0,1238.0,1240.0,1240.0,1251.0,1251.0,1251.0,1271.0,1271.0,1270.0,1270.0,1270.0,1270.0,1270.0,1270.0,1270.0,1270.0,1270.0,1271.0,1276.0
idxal (min ton),99.7,156.2,141.0,330.8,214.3,240.2,218.2,316.1,200.1,554.9,1595.8,1493.8,1622.4,1149.8,647.5,484.4,276.1,280.0,264.0,536.4,218.2,106.0,413.0,310.0,469.0,736.0,612.6,1021.5
ixrac (min ton),199.2,145.1,180.8,312.8,313.1,319.1,369.0,510.0,319.0,715.1,1114.0,1289.7,1311.1,1128.2,979.0,1259.2,1095.7,1187.0,802.0,678.2,408.0,285.0,379.0,477.0,439.0,1137.0,1460.9,1707.8
kabotaj əlaqə (min manat),0.0,0.0,0.0,0.0,0.0,0.0,0.0,0.0,0.0,0.0,0.0,0.0,0.0,0.0,0.0,0.0,0.0,0.0,0.0,0.0,0.0,0.0,0.0,0.0,0.0,0.0,0.0,0.0
kabotaj əlaqə (min manat),0.0,5861.3,0.0,1221.6,634.4,0.0,580.7,467.4,43.8,0.0,0.0,0.0,0.0,0.0,0.0,195.3,89.7,106.0,205.2,18.0,0.0,0.0,0.0,198.0,627.0,995.4,1087.0,395.8
kabotaj əlaqə (min sərnişin),0.0,0.0,0.0,0.0,0.0,0.0,0.0,0.0,0.0,0.0,0.0,0.0,0.0,0.0,0.0,0.0,0.0,0.0,0.0,0.0,0.0,0.0,0.0,0.0,0.0,0.0,0.0,0.0
kabotaj əlaqə (min ton),0.0,289.5,0.0,49.2,11.2,0.0,32.2,23.8,52.0,0.0,10.1,21.7,0.0,47.4,0.0,44.4,15.4,31.1,73.0,4.4,0.0,0.0,0.0,61.3,204.3,368.8,380.8,151.0
kabotaj əlaqə (mln sərnişin/km),0.0,0.0,0.0,0.0,0.0,0.0,0.0,0.0,0.0,0.0,0.0,0.0,0.0,0.0,0.0,0.0,0.0,0.0,0.0,0.0,0.0,0.0,0.0,0.0,0.0,0.0,0.0,0.0
kabotaj əlaqə (mln ton km),0.0,0.1,0.0,4.0,2.5,0.0,4.2,0.2,3.5,0.0,0.6,4.8,0.0,0.0,0.0,5.0,2.8,4.8,8.0,0.7,0.0,0.0,0.0,10.3,32.0,53.0,57.0,15.5
sərnişin daşınmasına (min manat),326202.0,146352.0,116602.0,125114.0,80050.0,74819.0,115087.0,81850.0,50494.0,55938.0,36614.0,49435.0,39189.0,15798.0,17768.0,17469.0,13554.0,11404.0,10313.0,8862.0,8302.0,7112.0,4482.0,4491.0,4959.0,13442.0,14310.0,912.0
sərnişin daşınmasına (min manat),3328.4,6062.3,3200.4,3053.0,3168.6,3262.8,3039.9,3257.1,2898.9,2375.1,2145.0,2101.0,2012.9,1842.3,2062.4,20856.4,17429.9,18489.0,15045.0,15139.0,11952.2,10139.0,8167.0,5990.0,6692.0,12661.0,11993.6,9690.6
sərnişin daşınmasına (min manat),1447684.0,1381628.0,590263.0,548364.0,999182.0,736692.0,634330.0,373895.0,361667.0,314618.0,297599.0,258879.0,244958.0,252175.0,254247.0,203887.0,181521.0,149689.0,123350.0,97727.0,72578.0,59947.0,46999.0,40370.0,37745.0,13978.0,15650.0,14506.0
sərnişin daşınmasından (min manat),3923.3,6179.3,2995.9,1128.2,2284.4,1615.1,931.9,698.1,812.3,1010.4,1259.0,1512.0,4213.2,1166.5,889.0,940.5,624.8,731.0,684.9,703.6,455.0,515.0,401.0,424.0,381.0,445.6,1073.8,1149.8
sərnişin daşınmasından (min manat),9274.0,4827.0,1837.0,4248.0,16600.0,14674.0,14240.0,13158.0,12130.0,14452.0,15135.0,15768.0,20175.0,20388.0,29447.0,41553.0,26544.0,21901.0,17282.0,14070.0,9751.0,6859.0,6254.0,4285.0,3013.0,4188.0,1602.0,1140.0
sərnişin daşınmasından (min manat),1473613.0,1261872.0,635110.0,343383.0,1018198.0,528459.0,461998.0,336421.0,296907.0,298624.0,262433.0,225628.0,181853.0,132319.0,155437.0,192652.0,153614.0,113440.0,96680.0,83282.0,60794.0,44222.0,37494.0,32925.0,31094.0,40639.0,45501.0,57119.0
tranzit (min manat),173118.0,159381.0,81953.0,74333.0,77989.0,72691.0,78323.0,85499.0,55320.0,49358.0,64263.0,71499.0,62685.0,53290.0,38582.0,41041.0,43521.0,40672.0,44629.0,44490.0,56038.0,42765.0,36984.0,16062.0,10385.0,6100.0,4639.0,5275.0
tranzit (min ton),6871.0,7478.0,4585.0,4132.0,3796.0,3045.0,3346.0,3787.0,3926.0,4502.0,6632.0,7392.0,7870.0,8254.0,6455.0,5959.0,5589.0,6099.0,7328.0,7403.0,9143.0,7895.0,7119.0,3538.0,2525.0,806.0,674.0,815.0
tranzit (min ton),8028.3,6061.3,4241.0,4331.7,4288.8,6535.5,6871.7,4208.3,5567.4,8296.3,8241.5,8621.1,8430.5,7718.2,6836.6,5594.7,5355.6,5907.0,7723.0,7841.4,9721.8,8520.0,7233.0,5034.0,3732.0,3577.0,1671.2,788.0
tranzit (mln ton km),3668.0,4040.0,2272.0,2120.0,2104.0,1615.0,1758.0,1981.0,2195.0,2330.0,3297.0,3633.0,3807.0,4041.0,3226.0,3174.0,3055.0,3296.0,2595.0,3824.0,4675.0,4084.0,3615.0,1757.0,1250.0,423.0,332.0,358.0
xarici limanlararası (min ton),683.6,867.1,905.6,957.4,1141.3,1141.3,853.4,749.1,487.4,367.8,548.3,944.9,1135.1,1670.7,4726.9,4515.3,3430.4,6101.0,4818.0,4148.3,2924.3,2470.4,2222.0,2896.7,2537.7,2359.2,3378.6,2085.5
xarici əlaqə (min manat),3923.3,6179.3,2995.9,1128.2,2284.4,1615.1,931.9,698.1,812.3,1010.4,1259.0,1512.0,4213.2,1166.5,889.0,940.5,624.8,731.0,684.9,703.6,455.0,515.0,401.0,424.0,381.0,445.6,1073.8,1149.8
xarici əlaqə (min manat),248997.9,236772.3,175601.3,166637.2,177565.6,168951.5,178211.9,158930.4,93133.6,101329.2,96642.0,113068.0,105497.0,106055.4,121586.0,114920.5,99568.3,109941.0,95503.3,99725.0,89318.8,83313.0,71135.0,58429.0,50552.0,53078.0,49478.0,44146.8
xarici əlaqə (min sərnişin),23.7,21.4,17.7,20.4,22.2,15.7,17.1,19.6,8.5,14.7,13.7,17.1,17.3,12.0,10.4,13.7,14.4,17.5,16.9,19.5,13.4,14.0,11.0,12.0,14.0,20.0,43.0,39.0
xarici əlaqə (min ton),9010.8,7229.7,5468.4,5932.7,5957.5,8236.1,8312.3,5783.5,6573.9,9934.1,11499.6,12349.5,12499.1,11666.9,13190.0,11853.6,10157.8,13475.0,13607.0,13204.3,13272.3,11381.1,10247.0,8717.7,7177.7,7809.2,7123.3,5596.8
xarici əlaqə (mln sərnişin/km),11.1,10.2,8.4,9.3,9.5,6.8,7.8,9.0,3.4,5.2,4.8,6.4,6.8,4.5,3.7,4.9,5.2,6.4,7.0,7.0,6.0,6.0,5.0,6.0,6.0,8.0,15.0,12.0
xarici əlaqə (mln ton km),4052.3,3437.5,3093.0,3294.5,3348.2,4575.7,4413.7,3001.8,2933.9,4123.7,4631.8,5056.7,5186.6,4859.1,6173.2,6070.4,5985.8,8038.1,7513.0,6770.0,6555.0,6077.0,5744.0,5181.7,4712.0,4394.4,4951.0,3895.5
yerli (min manat),1476.0,928.0,549.0,224.0,619.0,592.0,481.0,410.0,381.0,358.0,422.0,338.0,384.0,431.0,254.0,415.0,283.0,1692.0,559.0,703.0,363.0,500.0,1504.0,763.0,925.0,1646.0,2448.0,4758.0
yerli (min manat),54615.0,62367.0,32081.0,13049.0,43967.0,36993.0,35281.0,32918.0,33095.0,35800.0,33938.0,24104.0,20647.0,13746.0,9600.0,17561.0,7877.0,6543.0,5593.0,5178.0,4374.0,3922.0,4535.0,3814.0,3385.0,10119.0,19796.0,31487.0
yerli (min sərnişin),727.0,750.0,539.0,167.0,624.0,614.0,589.0,548.0,534.0,552.0,507.0,489.0,425.0,210.0,220.0,484.0,680.0,648.0,566.0,508.0,439.0,404.0,398.0,400.0,384.0,359.0,482.0,556.0
yerli (min ton),6.0,4.0,2.0,1.0,2.0,2.0,2.0,2.0,2.0,2.0,2.0,2.0,2.0,2.0,1.0,2.0,2.0,9.0,5.0,3.0,2.0,3.0,5.0,3.0,5.0,8.0,9.0,11.0
yerli (mln sərnişin/km),571.0,684.0,366.0,116.0,418.0,416.0,403.0,364.0,352.0,329.0,293.0,275.0,234.0,116.0,127.0,296.0,395.0,374.0,325.0,293.0,254.0,232.0,229.0,231.0,223.0,257.0,345.0,544.0
yerli (mln ton km),4.0,2.0,1.0,1.0,2.0,1.0,1.0,1.0,1.0,1.0,1.0,1.0,1.0,1.0,1.0,1.0,2.0,5.0,3.0,2.0,1.0,2.0,2.0,2.0,2.0,5.0,2.0,2.0
yerli əlaqə (min manat),9274.0,4827.0,1837.0,2678.0,8617.0,7547.0,7533.0,7717.0,7445.0,9391.0,9766.0,10610.0,10106.0,5346.0,5187.0,5216.0,5349.0,4669.0,4199.0,3520.0,2658.0,2223.0,2115.0,1968.0,2733.0,3685.0,1371.0,1074.0
yerli əlaqə (min manat),59697.0,56707.0,37894.0,35077.0,35654.0,31218.0,30413.0,16695.0,29212.0,23311.0,20328.0,14426.0,22117.0,11873.0,12359.0,25657.0,24523.0,23522.0,22327.0,17402.0,18027.0,14101.0,16176.0,28794.0,27086.0,30292.0,30776.0,32718.0
yerli əlaqə (min sərnişin),7185.0,5137.0,2826.0,2095.0,3631.0,2649.0,2326.0,1832.0,1716.0,2232.0,2164.0,2363.0,3164.0,4486.0,5938.0,5751.0,5899.0,5170.0,5008.0,4792.0,4392.0,4092.0,4268.0,4021.0,3900.0,4038.0,3650.0,4575.0
yerli əlaqə (min ton),3269.0,3457.0,3038.0,2817.0,3297.0,3856.0,4057.0,4116.0,3995.0,6232.0,5870.0,4964.0,4372.0,3597.0,3620.0,6613.0,7190.0,7417.0,7334.0,5525.0,5376.0,4100.0,3854.0,3592.0,5510.0,6149.0,6000.0,6493.0
yerli əlaqə (mln sərnişin/km),314.0,194.0,104.0,161.0,463.0,400.0,414.0,402.0,439.0,531.0,519.0,509.0,584.0,834.0,911.0,894.0,938.0,805.0,760.0,685.0,574.0,506.0,463.0,447.0,392.0,478.0,459.0,557.0
yerli əlaqə (mln ton km),602.0,734.0,727.0,604.0,793.0,887.0,881.0,974.0,1014.0,1446.0,1331.0,1160.0,899.0,786.0,851.0,1727.0,1934.0,2023.0,1926.0,1378.0,1259.0,906.0,853.0,1385.0,1318.0,1521.0,1453.0,1573.0
yük daşınmasına (min manat),1835553.0,3323161.0,2831815.0,2354497.0,1273033.0,1451140.0,992168.0,601140.0,448755.0,455603.0,381071.0,279201.0,266928.0,185520.0,139403.0,147277.0,127146.0,98725.0,87124.0,78431.0,51816.0,30378.0,28419.0,30359.0,34072.0,12002.0,3068.0,2837.0
yük daşınmasına (min manat),202303.9,217666.6,173744.4,165743.2,166464.6,171413.9,159354.0,170702.8,151917.3,116654.0,105351.0,102949.0,98447.6,90273.2,101056.1,88913.9,75282.0,77806.0,64983.0,65490.0,50046.2,43427.0,45299.0,46257.0,42001.0,41505.2,40533.0,36711.0
yük daşınmasına (min manat),174957.0,251589.0,247469.0,273927.0,260646.0,248608.0,345263.0,245551.0,151482.0,167813.0,109841.0,138147.0,125151.0,151616.0,145011.0,167958.0,143071.0,104756.0,104671.0,78220.0,65614.0,59633.0,55374.0,61232.0,58616.0,55979.0,49362.0,26613.0
yük daşınmasından (min manat),2152229.0,3642938.0,3240291.0,2691846.0,1378157.0,1538459.0,1185343.0,717528.0,531151.0,539196.0,517410.0,392242.0,376058.0,256551.0,176066.0,179351.0,172768.0,109586.0,82847.0,77791.0,71976.0,29891.0,28250.0,30730.0,33198.0,41279.0,10553.0,9435.0
yük daşınmasından (min manat),248997.9,242633.6,175601.3,167858.8,178200.0,168951.5,178792.6,159397.8,93177.4,101329.2,96642.0,113068.0,105497.0,106055.4,121586.0,115115.8,99658.0,110047.0,95708.5,99743.0,89318.8,83313.0,71135.0,58627.0,51179.0,54073.4,50565.0,44542.6
yük daşınmasından (min manat),430317.0,394140.0,282914.0,270579.0,283172.0,256167.0,264962.0,249277.0,219947.0,221851.0,208180.0,186087.0,176508.0,137994.0,120207.0,164275.0,151629.0,147210.0,131239.0,104553.0,109585.0,87202.0,77093.0,80868.0,66732.0,72072.0,58055.0,51514.0
ölkələrarası (min manat),0.0,0.0,0.0,1570.0,7983.0,7127.0,6707.0,5441.0,4685.0,5061.0,5369.0,5158.0,10069.0,15042.0,24260.0,36337.0,21195.0,17232.0,13083.0,10550.0,7093.0,4636.0,4139.0,2317.0,280.0,503.0,231.0,66.0
ölkələrarası əlaqə (min manat),370620.0,337433.0,245020.0,235502.0,247518.0,224949.0,234549.0,232582.0,190735.0,198540.0,187852.0,171661.0,154391.0,126121.0,107848.0,138618.0,127106.0,123688.0,108912.0,87151.0,91558.0,73101.0,60917.0,52074.0,39646.0,41780.0,27279.0,18796.0
ölkələrarası əlaqə (min sərnişin),0.0,0.0,0.0,29.0,219.0,192.0,164.0,146.0,167.0,285.0,344.0,305.0,287.0,317.0,451.0,643.0,699.0,654.0,484.0,449.0,344.0,350.0,378.0,229.0,150.0,249.0,139.0,5.0
ölkələrarası əlaqə (min ton),15007.0,15273.0,12020.0,11814.0,11925.0,10098.0,10501.0,11363.0,13095.0,15563.0,17257.0,18152.0,17831.0,18752.0,17179.0,20819.0,21086.0,22788.0,19188.0,15146.0,14969.0,13364.0,11536.0,12284.0,8653.0,7382.0,5271.0,3080.0
ölkələrarası əlaqə (mln sərnişin/km),0.0,0.0,0.0,11.0,81.0,66.0,53.0,46.0,56.0,81.0,90.0,82.0,76.0,83.0,113.0,155.0,170.0,159.0,118.0,104.0,80.0,78.0,74.0,46.0,30.0,55.0,30.0,1.0
ölkələrarası əlaqə (mln ton km),6138.0,6363.0,4589.0,4257.0,4359.0,3605.0,3752.0,4218.0,5196.0,5925.0,6627.0,7052.0,6946.0,7464.0,6741.0,8294.0,8441.0,9036.0,7702.0,6158.0,6460.0,6074.0,5288.0,4385.0,3734.0,3181.0,2062.0,1205.0
İşçilərin orta illik sayı (nəfər),12747.0,12141.0,12386.0,13277.0,12812.0,12623.0,12409.0,12150.0,12451.0,12083.0,11029.0,5437.0,5297.0,5109.0,8896.0,4536.0,4576.0,3970.0,3470.0,2529.0,2224.0,2173.0,2199.0,2080.0,0.0,0.0,0.0,0.0
İşçilərin orta illik sayı (nəfər),6594.0,6548.0,6591.0,6579.0,6573.0,6574.0,6577.0,6787.0,6846.0,8291.0,9667.0,10460.0,9452.0,9515.0,9306.0,9500.0,9150.0,9091.0,9219.0,9248.0,9457.0,9676.0,9819.0,7719.0,0.0,0.0,0.0,0.0
İşçilərin orta illik sayı (nəfər),4054.0,4754.0,5213.0,5557.0,6379.0,6760.0,7006.0,7244.0,11784.0,11761.0,11874.0,11336.0,11560.0,12997.0,13850.0,18418.0,17752.0,16812.0,17020.0,17779.0,17040.0,17045.0,17050.0,17093.0,26053.0,0.0,0.0,0.0
Əsas fondların istfadəyə verilməsi (min manat),21534.0,117257.0,33125.0,106059.0,22316.0,57047.0,96150.0,73341.6,89962.0,120050.0,910.0,53381.8,104963.4,3568.6,19712.0,65637.0,21235.7,42945.0,25192.0,40627.2,28114.4,8863.0,4154.0,878.0,2769.0,2218.8,0.0,0.0
Əsas fondların istifadəyə verilməsi (min manat),1004694.8,89244.0,147134.4,109685.0,33678.2,39410.0,397374.0,10104.2,399262.0,619325.0,10150.0,152716.0,31088.0,229429.0,100019.0,68453.0,54454.0,107776.0,94086.0,40119.0,12994.0,297.0,1260.0,7797.0,0.0,0.0,0.0,0.0
Əsas fondların istifadəyə verilməsi (min manat),76.0,71.0,410.0,721.0,1254.0,7085.0,2089.0,1911.0,144.0,505.0,5550.0,3698.0,3146.0,1207.0,5080.0,10979.0,12779.0,8858.0,20020.0,17530.0,15665.0,13957.0,1262.0,3710.0,0.0,0.0,0.0,0.0
Əsas kapital investisiyalar (min manat),49599.3,31447.9,40253.0,53310.1,98387.4,115409.2,112256.5,53136.8,112668.0,142561.9,9693.2,67343.9,83520.0,13219.5,35637.5,65636.7,21235.7,41194.0,30708.0,39555.2,32095.2,8863.0,4202.0,1039.0,2769.0,2095.9,772.7,557.5
Əsas kapitala investisiyalar (min manat),1004694.8,89244.3,147134.0,109685.0,33678.0,39410.0,402197.0,10226.0,397157.0,82185.0,281956.0,280482.0,180466.0,214077.0,31882.0,99847.0,82992.0,107680.0,118080.0,11484.0,31623.0,1008.0,3287.0,8984.0,37999.0,33910.0,4018.0,3554.0
Əsas kapitala investisiyalar (min manat),76.0,71.0,410.0,1171.0,1254.0,7085.0,2088.0,1911.0,1594.0,4331.0,5893.0,2798.0,3129.0,3372.0,2741.0,13387.0,4396.0,13207.0,22502.0,8633.0,5402.0,22494.0,7244.0,3851.0,0.0,0.0,0.0,0.0
,233737.00700000004,279700.34900000005,215294.69299999997,179641.26700000002,146102.39200000002,133843.824,120603.836,77582.27799999999,70152.948,69607.138,57456.573,52954.096000000005,48123.04800000001,40732.959,35683.926,39602.192,33892.255,30277.612999999998,26744.725,22472.604000000003,19436.335,14733.979,12849.829000000002,12177.969,11397.916000000001,11153.176,9057.96,8041.906
